	subject_ID	age	predicted age
0	sub1670	19.0	24.704950903553794
1	sub1076	21.0	28.310941069624818
2	sub1668	36.0	41.333220810560846
3	sub2067	51.0	43.71052715283767
4	sub411	43.0	42.393958854746046
5	sub1046	23.0	25.97491325350765
6	sub940	24.0	29.693373096518002
7	sub1260	22.0	24.957307811940694
8	sub1767	18.0	23.102786379101957
9	sub751	28.0	25.019761889223076
10	sub1751	25.0	21.868251689395578
11	sub3004	41.0	38.72953441450008
12	sub2691	36.92	42.06008495633486
13	sub2852	22.0	25.83987920501349
14	sub425	30.0	30.99608229112036
15	sub1881	19.96	27.06167831682214
16	sub150	21.0	25.64193037626646
17	sub74	55.0	60.540782155013034
18	sub7	22.0	21.311916938158532
19	sub2904	33.0	43.59031604151332
20	sub193	19.0	26.697890434343748
21	sub2350	23.0	29.302781441448673
22	sub3183	59.0	51.66972751864486
23	sub449	28.0	31.81991199033527
24	sub2041	25.0	24.812111106197875
25	sub6	33.0	40.530843717420424
26	sub1695	19.0	18.0
27	sub2168	41.0	36.16867684147982
28	sub2955	45.0	35.49791240694012
29	sub2726	28.0	29.162090953242654
30	sub1453	55.0	43.51631161503937
31	sub125	43.0	40.2549211295769
32	sub3258	21.0	24.751263781383017
33	sub1323	42.0	39.293900316914545
34	sub1054	31.81	31.5419998242065
35	sub693	22.0	30.25871753363444
36	sub2611	29.0	26.66055026392368
37	sub1220	24.0	26.217932516880495
38	sub2899	65.0	67.19850181176807
39	sub929	48.0	53.6670838524511
40	sub2706	25.0	28.843601269332424
41	sub403	23.0	26.194201753323426
42	sub1969	23.0	23.238514568113345
43	sub650	62.96	58.952736213760176
44	sub3108	20.0	18.0
45	sub2283	60.54	56.804488142552685
46	sub734	19.0	18.0
47	sub520	64.75	64.81465444830027
48	sub218	68.47	69.40990957262747
49	sub2745	31.59	39.671728316212096
50	sub2120	31.0	27.15185778500981
51	sub3150	21.0	26.87873669248856
52	sub1103	74.0	63.20068572021191
53	sub1575	20.0	23.693467829402465
54	sub554	58.66	63.81355753740317
55	sub281	19.0	20.19997783508515
56	sub1687	33.08	27.140432495542512
57	sub3118	26.0	30.752661382354376
58	sub2936	27.0	20.010264807341258
59	sub2966	35.0	31.652803400183615
60	sub2418	18.0	19.10429153590539
61	sub720	30.0	37.743058410498264
62	sub1429	24.0	18.0
63	sub3138	39.18	41.17631472364482
64	sub2763	26.64	31.697912530059142
65	sub2632	21.0	18.0
66	sub1705	69.55	80.39394277445953
67	sub1080	18.0	18.0
68	sub2884	22.0	18.0
69	sub184	25.0	23.976986940254932
70	sub3299	49.0	48.072188499479665
71	sub2780	25.0	28.952371677375226
72	sub736	25.0	29.47732717092603
73	sub214	25.0	26.38808416986612
74	sub2031	26.0	25.62368267138899
75	sub2894	26.0	23.554334226599707
76	sub1086	57.0	75.61081470900044
77	sub2354	26.0	39.35126910139988
78	sub1451	23.0	19.8628365788405
79	sub1562	46.0	50.25564234799876
80	sub140	70.95	78.85905900890211
81	sub3048	23.0	19.99844370372702
82	sub1037	22.0	23.518992515577878
83	sub1557	19.0	18.0
84	sub1074	31.0	45.8521949659831
85	sub1440	64.66	62.24691961710923
86	sub2109	23.96	28.37569478867917
87	sub100	81.0	74.90710036279833
88	sub1754	30.0	34.07052255506878
89	sub2707	20.0	21.175696130491446
90	sub2287	28.0	28.794448219807776
91	sub2194	28.0	29.582686735618694
92	sub782	48.0	46.63348763369012
93	sub525	23.0	28.401374432960978
94	sub903	34.0	34.423573833663426
95	sub2420	22.0	23.947290034593237
96	sub849	30.67	37.35355037709596
97	sub2386	24.0	27.735907896038583
98	sub3201	64.0	45.42883059408504
99	sub1374	24.0	24.79723310837616
100	sub2024	26.0	35.16641423098062
101	sub2002	33.92	31.794387592082415
102	sub3243	19.0	29.05994656985476
103	sub3036	57.21	54.28689598710625
104	sub1113	20.0	24.482331086405424
105	sub207	21.3	27.933989263194775
106	sub1468	23.0	26.15598693409683
107	sub890	30.0	28.392067842752652
108	sub1826	46.0	33.998171611053834
109	sub2276	25.0	21.46236960511996
110	sub1288	25.0	28.891606908745956
111	sub2406	47.0	43.0710272013026
112	sub1459	22.0	18.0
113	sub883	35.45	36.477095220768746
114	sub2496	20.0	22.55683581564935
115	sub2931	34.48	42.23239833160332
116	sub22	26.0	35.14113076855446
117	sub398	54.0	43.631969117179864
118	sub1756	50.0	41.48599469744167
119	sub3033	19.0	27.315209111573125
120	sub857	21.0	28.49252083805513
121	sub807	69.0	54.34291538349461
122	sub1458	24.0	25.77127109511784
123	sub544	20.0	19.8864118120442
124	sub1470	68.48	59.29538803334762
125	sub3024	31.0	30.913210057821374
126	sub991	19.0	18.0
127	sub1412	35.0	34.62912089006258
128	sub1404	34.0	26.592027315042827
129	sub2713	44.0	43.45048127523714
130	sub285	59.0	61.30259233591241
131	sub3241	27.0	24.094672047394482
132	sub1034	34.0	43.965884295732934
133	sub296	22.0	23.480986323053543
134	sub1311	26.0	22.457191651474744
135	sub1701	25.0	28.95198254659735
136	sub1221	55.0	53.731426751662724
137	sub2526	56.87	57.12591944176128
138	sub614	47.0	48.73920843545656
139	sub1348	31.0	42.79895951320813
140	sub1097	90.0	90.0
141	sub2131	31.0	31.729647969646606
142	sub1226	61.34	66.98136744591065
143	sub1963	29.0	29.65033389798336
144	sub669	21.0	27.30098727778622
145	sub1684	31.46	27.647149332427574
146	sub1083	34.24	37.04252747345126
147	sub3092	34.0	41.09371208997672
148	sub412	75.97	66.41212239289925
149	sub528	28.0	26.757276859014013
150	sub1917	25.0	28.660156891194305
151	sub2634	55.22	64.3167892850175
152	sub1375	55.17	57.76482591294243
153	sub1885	47.0	43.722490329064016
154	sub2327	22.0	23.481956547792464
155	sub58	47.0	43.96871220156717
156	sub1365	35.0	35.65432684163861
157	sub830	39.38	42.447217889762754
158	sub1467	78.07	65.54175395817182
159	sub2332	30.0	27.120441138818563
160	sub932	24.0	22.09447679067179
161	sub28	24.76	28.94004245125015
162	sub2357	27.0	33.78430863662615
163	sub2413	45.0	50.17915271771798
164	sub3132	32.0	34.03585951232944
165	sub1772	54.21	47.27818472052931
166	sub1783	21.0	24.57071055684318
167	sub1278	22.0	18.0
168	sub2562	43.92	46.01418432441514
169	sub62	26.0	23.674017722270577
170	sub2331	36.0	34.670537025547304
171	sub866	26.93	32.47338298904887
172	sub2516	41.0	30.838194753833335
173	sub1597	24.0	26.377551558318913
174	sub1170	48.0	44.05109782562758
175	sub851	19.0	18.0
176	sub2305	18.0	18.03749290317191
177	sub1125	31.0	36.05578540392125
178	sub210	49.0	37.19563763359892
179	sub91	52.0	46.173853412181955
180	sub1011	32.42	32.77199777809855
181	sub2326	19.0	26.1692235264496
182	sub926	62.0	64.64973331449218
183	sub432	28.0	21.366679081165415
184	sub2990	28.0	27.223972822982063
185	sub953	21.8097	18.0
186	sub1120	20.0	28.230453217678217
187	sub2561	64.0	63.20358851238288
188	sub1808	41.95	40.2768943243278
189	sub1114	23.0	32.560558137357106
190	sub1822	40.0	36.944220227472755
191	sub1821	22.0	30.368709763248802
192	sub2858	24.0	24.187132754980297
193	sub1273	72.0	67.6202037736617
194	sub1533	56.0	42.86494663402081
195	sub634	27.0	21.593700316150347
196	sub2677	32.0	35.660663869222475
197	sub1194	34.0	37.74614131216876
198	sub67	31.0	25.970859459539128
199	sub1646	18.0	20.58702629024137
200	sub546	21.0	20.156787770816294
201	sub2753	41.06	42.578742991675966
202	sub364	29.0	29.40689643492132
203	sub3186	54.49	57.56942484440751
204	sub461	53.0	53.111586681652255
205	sub2618	43.16	42.825942727401156
206	sub1215	23.0	18.0
207	sub2348	63.0	69.73047580926195
208	sub1839	22.0	18.0
209	sub1719	20.17	25.624080932788814
210	sub1300	30.42	34.6340303594794
211	sub2217	23.0	18.0
212	sub3027	29.0	34.947376996168344
213	sub2117	33.0	33.380877505852
214	sub966	21.0	19.051893904428283
215	sub1841	27.0	28.543678107893896
216	sub945	23.0	37.21007028122821
217	sub2944	27.71	28.667856862018738
218	sub486	39.0	30.001787768110802
219	sub1286	21.0	26.720715012991235
220	sub1121	19.0	18.0
221	sub2672	33.0	29.792625048003714
222	sub68	18.0	18.0
223	sub2080	23.0	31.297743456385064
224	sub2277	59.0	59.2310565990916
225	sub2779	53.0	53.37000534525268
226	sub1328	44.0	45.2067851711914
227	sub696	48.0	45.42071233123042
228	sub2847	69.72	59.64988492107895
229	sub2929	33.0	21.08056481998355
230	sub2230	19.0	23.21587636939293
231	sub942	59.74	52.57688943480443
232	sub2646	25.19	23.863180143700077
233	sub2090	24.9	37.287565406794414
234	sub1417	19.0	18.906261635555524
235	sub497	21.15	38.9295016033644
236	sub1588	71.0	56.34228578731708
237	sub2201	37.1	38.9794419282467
238	sub882	26.0	32.38504442807843
239	sub1925	33.35	31.581502101079963
240	sub2536	41.3	39.543274255857426
241	sub2581	42.0	43.57475497410596
242	sub332	62.68	59.55353687160604
243	sub2237	24.0	26.579092388031853
244	sub29	47.0	38.93115105445449
245	sub3058	50.0	32.82692787751384
246	sub602	42.37	50.853068050709766
247	sub2215	31.0	25.70864960344315
248	sub1606	25.0	27.931146598798108
249	sub44	23.62	18.0
250	sub454	30.44	24.131127143515727
251	sub3130	18.0	20.71269012812772
252	sub2208	25.0	26.22731943940161
253	sub682	24.88	22.482737467090004
254	sub865	23.49	25.938349820456637
255	sub1978	36.0	24.540670176887573
256	sub93	26.0	25.463803676061247
257	sub195	21.0	20.834279407054595
258	sub1950	19.0	18.540648778592725
259	sub2558	24.0	24.37444976133756
260	sub1970	19.0	19.48562834580261
261	sub357	19.0	21.63947235777195
262	sub646	58.0	53.773520119551534
263	sub1209	23.0	24.0031141349842
264	sub876	63.54	63.10960391895205
265	sub3127	28.0	24.78659416527134
266	sub1921	23.0	27.96341145445203
267	sub1757	42.0	29.747962914626072
268	sub178	22.0	22.828082827818974
269	sub254	58.0	58.996334413322614
270	sub2261	70.0	68.02033136370446
271	sub1407	26.0	27.471160488783056
272	sub2947	21.0	18.0
273	sub1952	54.0	51.02098818095473
274	sub2705	20.0	21.24042965624048
275	sub3297	22.0	21.174851974866755
276	sub3055	55.0	53.473752634582155
277	sub843	26.0	32.89225805424084
278	sub2245	21.0	18.0
279	sub718	36.47	37.30879985107239
280	sub2958	22.0	18.0
281	sub1693	50.65	39.360392673796554
282	sub2013	31.13	37.68003840801575
283	sub1051	50.0	59.29855826774528
284	sub138	44.0	47.69662330904757
285	sub1478	52.0	48.06034627698372
286	sub1123	47.0	46.532744529734
287	sub564	30.0	20.926066771544896
288	sub192	30.0	29.163142935024183
289	sub2793	58.99	64.87196336757424
290	sub224	60.02	53.74026913616362
291	sub749	31.0	25.36995280515984
292	sub452	30.0	24.615905759999436
293	sub2771	25.0	25.08931561846802
294	sub340	22.0	30.206541529262353
295	sub2374	24.0	25.527020023176732
296	sub344	34.0	44.700310946194435
297	sub484	20.0	19.923665769177745
298	sub2532	51.0	46.33945256799106
299	sub630	19.0	18.575278861276814
300	sub3203	22.0	21.179274501373214
301	sub729	78.2	72.04591253201451
302	sub657	22.0	27.98979143208689
303	sub1980	31.0	25.88489909225936
304	sub2592	28.0	32.79228438062691
305	sub2391	22.0	23.06090935175743
306	sub50	30.14	36.17016381606808
307	sub2241	34.0	41.83615777725899
308	sub896	23.0	18.0
309	sub1471	30.0	28.752055476761228
310	sub1595	48.0	49.45803457593192
311	sub708	55.0	45.10557172751814
312	sub1801	26.27	36.84111301817629
313	sub599	38.0	37.870212754137896
314	sub2328	72.88	72.89104664563237
315	sub887	27.0	29.040674124313767
316	sub812	75.0	70.7786975432924
317	sub1432	54.0	57.39016030792445
318	sub652	27.0	33.63587090537075
319	sub163	37.0	36.632959963222305
320	sub1526	46.43	56.44266279408802
321	sub948	22.0	20.76658303185249
322	sub1206	74.0	73.29482451173098
323	sub2233	21.0	19.169603101920615
324	sub1920	30.0	21.812950161755538
325	sub2984	26.0	25.29761148970519
326	sub2676	18.0	24.700709641777934
327	sub2796	28.0	27.255713087381622
328	sub471	73.6	66.10037200092901
329	sub2130	74.01	73.668874055607
330	sub1327	20.0	22.59671799737643
331	sub3050	23.0	39.0191592334364
332	sub3250	27.0	29.75017805335537
333	sub934	53.54	40.99456071797394
334	sub1112	26.0	25.167047531329075
335	sub2221	32.0	40.19406234968173
336	sub3169	88.0	66.59676768978133
337	sub2151	23.0	21.651225691795474
338	sub2903	44.88	44.58301044852723
339	sub2882	41.74	43.72853104751138
340	sub2365	59.0	55.67465866739312
341	sub1364	25.0	24.215959968903547
342	sub2016	58.0	56.05096851786092
343	sub1497	29.0	33.16425188935827
344	sub421	22.0	23.436171504668522
345	sub2323	21.0	20.625478873189053
346	sub1741	30.0	31.565503640597484
347	sub2419	22.0	20.783463294895768
348	sub2017	21.9357	18.0
349	sub2417	29.66	34.67145776065044
350	sub998	56.0	46.742784211387146
351	sub2800	56.0	46.18830858288638
352	sub1032	39.0	32.47827849963559
353	sub2857	31.0	29.62243550043931
354	sub2653	28.0	19.900294207709152
355	sub1747	50.0	34.74689117194211
356	sub907	18.0	20.937685008976217
357	sub892	22.0	31.356391778978463
358	sub2480	29.0	31.704005011851763
359	sub2720	22.0	29.190590542754393
360	sub2199	29.95	28.70843543364535
361	sub1424	37.0	42.62647054747376
362	sub1189	25.0	26.54560462601566
363	sub2180	23.0	18.164916245446506
364	sub156	26.0	30.031866614647328
365	sub468	21.0	18.0
366	sub2318	33.82	34.861005758189634
367	sub351	41.0	53.52603564378896
368	sub2306	25.0	23.67954506368514
369	sub24	65.0	64.56892449523238
370	sub1466	55.0	51.3485772578384
371	sub1803	82.19	85.75749525842147
372	sub1133	35.0	36.78312522625001
373	sub958	62.02	57.061081550191915
374	sub2922	28.35	35.222804573115894
375	sub247	27.0	19.253441088426
376	sub3069	36.0	42.373849869817235
377	sub130	23.0	21.809957009669773
378	sub157	22.0	31.49391310894825
379	sub259	28.0	24.692200479748493
380	sub470	32.0	31.826108944561014
381	sub1332	19.0	18.0
382	sub48	21.0	22.035067938647984
383	sub1362	49.0	47.41375086959724
384	sub1212	33.0	33.526574736601646
385	sub943	23.0	26.392741877033217
386	sub789	39.0	25.047891597413212
387	sub1933	38.0	34.11609819075565
388	sub1544	26.0	22.348645777942323
389	sub1021	17.0	18.0
390	sub2001	23.0	21.307954040995895
391	sub1725	45.0	47.704518377705966
392	sub1305	29.74	36.789564352062
393	sub2588	21.0	22.23681271723362
394	sub1127	30.69	39.36799541966192
395	sub2308	23.04	27.004858672153745
396	sub433	31.0	23.845666746457567
397	sub1242	60.84	55.3791361678328
398	sub441	22.0	18.0
399	sub175	19.0	18.0
400	sub2597	22.0	24.060917645385047
401	sub1861	25.0	18.592320319292952
402	sub1018	19.0	18.580387988169235
403	sub2806	24.0	23.80753593609333
404	sub95	41.0	34.27087108991381
405	sub2810	24.0	32.522002886096374
406	sub2623	23.0	33.06656421445095
407	sub230	31.0	29.389154792976655
408	sub1558	63.18	56.40730587845573
409	sub1331	23.499	22.640034264410673
410	sub1609	35.0	35.35900442719284
411	sub761	50.0	38.80476254348795
412	sub2750	60.0	45.11290944195807
413	sub2150	21.0	20.684234887888664
414	sub2255	20.0	19.944235064072558
415	sub965	48.0	50.911878072468056
416	sub755	33.0	41.71620816007689
417	sub2399	27.0	24.101202730094514
418	sub2269	62.06	58.60037900118695
419	sub880	52.0	54.28528568533565
420	sub94	20.0	19.528222983784502
421	sub2620	54.0	49.45994868051511
422	sub333	29.0	20.08690854428059
423	sub2096	42.0	37.40609011999604
424	sub2880	66.0	63.83272665634249
425	sub633	43.0	47.68742657821676
426	sub2560	40.0	57.657989772192735
427	sub2210	44.0	49.118103040652926
428	sub2315	30.0	33.56722251552546
429	sub2565	44.0	30.287225018155908
430	sub2309	47.0	42.35428077890592
431	sub1515	20.0	24.72691249838826
432	sub704	49.0	39.23176586495774
433	sub3224	84.0	75.16303905164258
434	sub10	25.0	30.591880029180714
435	sub1065	70.56	62.450608030002144
436	sub587	18.0	24.47743356756709
437	sub2568	18.0	27.864572595477142
438	sub115	58.0	55.02945997844799
439	sub2783	43.0	45.125301854368075
440	sub1936	27.0	35.94722153652182
441	sub1389	53.0	48.62856510204128
442	sub2140	40.0	42.94710282192463
443	sub336	29.0	26.985480561651087
444	sub828	60.9	59.22855365392442
445	sub1443	68.12	56.65091530974186
446	sub429	47.0	42.32997201665748
447	sub2619	60.1	55.82002758675989
448	sub2755	75.94	67.94340303555109
449	sub3236	18.0	18.0
450	sub47	21.0	18.914738597345234
451	sub502	25.0	26.6967365936558
452	sub2862	24.0	31.738890729817825
453	sub208	54.0	45.62948093217037
454	sub2503	34.0	26.92247069610184
455	sub877	19.0	23.35179461806328
456	sub2377	69.28	71.05844689926707
457	sub2821	51.66	51.594434539135904
458	sub2076	26.0	22.429710684645755
459	sub3117	31.0	28.896611015813136
460	sub1157	23.0	19.30080978064379
461	sub3135	23.0	18.622170951919173
462	sub1868	52.0	47.13956099892184
463	sub757	24.0	27.515127130331706
464	sub1307	49.0	48.96157545529658
465	sub2742	19.0	18.0
466	sub2724	57.74	65.69862869468724
467	sub2069	24.0	29.96828822621191
468	sub1765	33.0	42.26109354888794
469	sub1280	24.0	23.966098325170236
470	sub2042	35.0	36.25644728080951
471	sub1101	41.9	38.79159725286135
472	sub2242	74.0	80.80354981552372
473	sub2809	20.0	28.164305664337547
474	sub424	54.0	61.45058996597763
475	sub177	41.0	32.93333745288109
476	sub1098	21.0	28.179467039498917
477	sub2803	25.0	24.15169363584627
478	sub676	72.0	63.30822589347517
479	sub1918	55.0	65.64448881515327
480	sub2053	18.0	18.0
481	sub406	31.0	33.56558256946536
482	sub256	31.37	36.556193661042556
483	sub1742	49.0	46.25597233024072
484	sub472	43.0	32.00944070856676
485	sub2407	40.0	35.306722016810994
486	sub1813	27.0	19.62474730332505
487	sub235	21.0	18.0
488	sub2087	56.68	53.59535896045381
489	sub547	24.0	32.532013979033394
490	sub776	20.0	26.528273605269163
491	sub2358	19.0	18.0
492	sub1000	59.51	52.84620856373803
493	sub3129	18.0	18.0
494	sub2082	53.0	46.46287510627971
495	sub1600	54.0	51.160623070186915
496	sub1255	36.71	31.166762913966153
497	sub2474	46.0	36.389661004529984
498	sub458	42.0	38.48166850579909
499	sub1924	21.0	18.0
500	sub2650	37.0	37.443812099641576
501	sub326	52.0	46.019493408993725
502	sub1438	23.0	27.212056376013237
503	sub132	55.0	51.98723853802275
504	sub2664	20.0	29.238063676195083
505	sub569	64.47	67.94759796857178
506	sub1648	26.0	36.00054426669212
507	sub446	22.0	25.239567228335176
508	sub570	26.0	25.089417257344024
509	sub3252	20.0	28.403906029098465
510	sub785	61.0	51.0267962212134
511	sub527	24.0	18.0
512	sub539	81.94	88.36428455223867
513	sub2923	23.0	22.52070163694006
514	sub2812	52.0	52.3417060213047
515	sub906	47.0	39.881721087209
516	sub2883	53.0	47.85023686382428
517	sub1335	20.0	22.43953535264663
518	sub279	29.0	30.0918038477881
519	sub635	61.0	57.96051203713759
520	sub1616	20.0	29.55026026973391
521	sub2149	46.22	42.135345834626236
522	sub215	22.0	23.88523305064936
523	sub2685	23.0	23.90234310100513
524	sub2666	23.0	26.46020223717423
525	sub1175	73.0	65.86058181597363
